-- phpMyAdmin SQL Dump
-- version 4.4.10
-- http://www.phpmyadmin.net
--
-- Host: localhost:8889
-- Generation Time: Apr 20, 2018 at 01:21 AM
-- Server version: 5.5.42
-- PHP Version: 5.6.10

SET SQL_MODE = "NO_AUTO_VALUE_ON_ZERO";
SET time_zone = "+00:00";


/*!40101 SET @OLD_CHARACTER_SET_CLIENT=@@CHARACTER_SET_CLIENT */;
/*!40101 SET @OLD_CHARACTER_SET_RESULTS=@@CHARACTER_SET_RESULTS */;
/*!40101 SET @OLD_COLLATION_CONNECTION=@@COLLATION_CONNECTION */;
/*!40101 SET NAMES utf8mb4 */;

--
-- Database: `movies`
--

-- --------------------------------------------------------

--
-- Table structure for table `movies`
--

CREATE TABLE `movies` (
  `img_id` int(10) unsigned NOT NULL,
  `img_path` varchar(100) NOT NULL,
  `video_path` varchar(100) NOT NULL,
  `img_desc` varchar(1000) NOT NULL,
  `img_user` varchar(10) NOT NULL
) ENGINE=InnoDB AUTO_INCREMENT=20 DEFAULT CHARSET=latin1;

--
-- Dumping data for table `movies`
--

INSERT INTO `movies` (`img_id`, `img_path`, `video_path`, `img_desc`, `img_user`) VALUES
(1, 'index/elvis.png', 'elvis.jpg', 'Music :  Elvis Aaron Presley was an American singer, musician, and actor. Regarded as one of the most significant cultural icons of the 20th century, he is often referred to as the "King of Rock and Roll" or simply "the King".', 'I'),
(2, 'index/FlashDance.png', 'flashdance.mp4', 'Artist: Irene Cara Album: What a Feelin'' Released: 1983 Nominations: Grammy Award for Record of the Year Awards: Grammy Award for Best Female Pop Vocal Performance', 'I'),
(3, 'index/Friends.png\r\n', 'friends.mp4', 'Follows the personal and professional lives of six 20 to 30-something-year-old friends living in Manhattan. Creators: David Crane, Marta Kauffman Stars: Jennifer Aniston, Courteney Cox, Lisa Kudrow , David Schwimmer, Matt LeBlanc and Matthew Perry', 'I'),
(4, 'index/gbu.png\r\n', 'gbu.jpg', 'Western · A bounty hunting scam joins two men in an uneasy alliance against a third in a race to find a fortune in gold buried in a remote cemetery.', 'I'),
(5, 'index/tin.png\r\n', 'tin.jpg', 'The adventures of the young reporter, his faithful dog and friends as they travel around the world on adventures.', 'I'),
(6, 'adult/Sleepless.png', 'sleepless.jpg', 'Sleepless in Seattle is a 1993 American romantic comedy-drama film directed and co-written by Nora Ephron, based on a story by Jeff Arch. It stars Tom Hanks and Meg Ryan, alongside a supporting cast featuring Bill Pullman, Ross Malinger, Rob Reiner, Rosie O''Donnell, Gaby Hoffmann, Victor Garber, and Rita Wilson.', 'A'),
(11, 'adult/Ghost.png', 'ghost.mp4', 'Drama · After a young man is murdered, his spirit stays behind to warn his lover of impending danger, with the help of a reluctant psychic. ..... Trivia. This is one of the few supernatural themed films to be nominated for Best Picture. See more » ... Emergency Room Ghost: [seeing Sam''s body] Shot, huh? That''ll do it every time.', 'A'),
(12, 'adult/JM.png', 'JM.jpg', 'Comedy · When a sports agent has a moral epiphany and is fired for expressing it, he decides to put his new philosophy to the test as an independent agent with the only athlete who stays with him and his former secretary.', 'A'),
(13, 'adult/Notebook.png', 'Notebook.mp4', 'A poor yet passionate young man falls in love with a rich young woman, giving her a sense of freedom, but they are soon separated because of their social differences.', 'A'),
(14, 'adult/Pretty Woman.png\r\n', 'pw.jpg', 'A man in a legal but hurtful business needs an escort for some social events, and hires a beautiful prostitute he meets... only to fall in love.', 'A'),
(15, 'kids/Britney.png', 'britney.png', 'Baby One More Time is the debut studio album by American singer Britney Spears. It was released on January 12, 1999 through Jive Records.', 'K'),
(16, 'kids/HomeAlone.png', 'HomeAlone.mp4', 'Comedy · An eight-year-old troublemaker must protect his house from a pair of burglars when he is accidentally left home alone by his family during Christmas vacation.', 'K'),
(17, 'kids/Aladdin.png', 'Aladdin.mp4', 'Animation · When a street urchin vies for the love of a beautiful princess, he uses a genie''s magic power to make himself off as a prince in order to marry her.', 'K'),
(18, 'kids/Rugrats.png', 'rugrats.jpg', '"Rugrats" reveals the world from a baby''s point of view. Everything looks bigger, more mysterious and uncontrollable. Angelica, the oldest, likes to terrorize her cousin, Tommy, and his friends, and is famous for screaming, "You stupid babies!" The adults in the series are often clueless.', 'K'),
(19, 'kids/MyGirl.png', 'myGirl.mp4', 'Comedy · A young girl, on the threshold of her teen years, finds her life turning upside down, when she is accompanied by an unlikely friend.', 'K');

-- --------------------------------------------------------

--
-- Table structure for table `tbl_adultimg`
--

CREATE TABLE `tbl_adultimg` (
  `img_id` int(10) unsigned NOT NULL,
  `img_path` varchar(100) NOT NULL,
  `video_path` varchar(100) NOT NULL,
  `img_desc` varchar(1000) NOT NULL
) ENGINE=MyISAM AUTO_INCREMENT=6 DEFAULT CHARSET=latin1;

--
-- Dumping data for table `tbl_adultimg`
--

INSERT INTO `tbl_adultimg` (`img_id`, `img_path`, `video_path`, `img_desc`) VALUES
(1, 'adult/Sleepless.png', 'sleepless.jpg', 'Sleepless in Seattle is a 1993 American romantic comedy-drama film directed and co-written by Nora Ephron, based on a story by Jeff Arch. It stars Tom Hanks and Meg Ryan, alongside a supporting cast featuring Bill Pullman, Ross Malinger, Rob Reiner, Rosie O''Donnell, Gaby Hoffmann, Victor Garber, and Rita Wilson.'),
(2, 'adult/Ghost.png', 'ghost.mp4', 'Drama · After a young man is murdered, his spirit stays behind to warn his lover of impending danger, with the help of a reluctant psychic. ..... Trivia. This is one of the few supernatural themed films to be nominated for Best Picture. See more » ... Emergency Room Ghost: [seeing Sam''s body] Shot, huh? That''ll do it every time.'),
(3, 'adult/JM.png', 'JM.jpg', 'Comedy · When a sports agent has a moral epiphany and is fired for expressing it, he decides to put his new philosophy to the test as an independent agent with the only athlete who stays with him and his former secretary.'),
(4, 'adult/Notebook.png', 'Notebook.mp4', 'A poor yet passionate young man falls in love with a rich young woman, giving her a sense of freedom, but they are soon separated because of their social differences.'),
(5, 'adult/Pretty Woman.png\n', 'pw.jpg', 'A man in a legal but hurtful business needs an escort for some social events, and hires a beautiful prostitute he meets... only to fall in love.');

-- --------------------------------------------------------

--
-- Table structure for table `tbl_arating`
--

CREATE TABLE `tbl_arating` (
  `arating_id` smallint(5) unsigned NOT NULL,
  `arating_name` varchar(125) NOT NULL,
  `arating_desc` text NOT NULL
) ENGINE=InnoDB DEFAULT CHARSET=utf8 ROW_FORMAT=COMPACT;

--
-- Dumping data for table `tbl_arating`
--

INSERT INTO `tbl_arating` (`arating_id`, `arating_name`, `arating_desc`) VALUES
(1, 'G', 'G – General Audiences\r\nAll ages admitted. Nothing that would offend parents for viewing by children. '),
(2, 'PG', 'PG – Parental Guidance Suggested\r\nSome material may not be suitable for children. Parents urged to give  	&ldquo;parental guidance&rdquo;. '),
(3, 'PG-13', 'PG-13 – Parents Strongly Cautioned\r\nSome material may be inappropriate for children under 13. Parents are urged to be cautious. Some material may be inappropriate for pre-teenagers.'),
(4, 'R', 'R – Restricted\r\nUnder 17 requires accompanying parent or adult guardian. Contains some adult material. Parents are urged to learn more about the film before taking their young children with them. '),
(5, 'NC-17', 'NC-17 – Adults Only\r\nNo One 17 and Under Admitted. Clearly adult. Children are not admitted. ');

-- --------------------------------------------------------

--
-- Table structure for table `tbl_cast`
--

CREATE TABLE `tbl_cast` (
  `cast_id` mediumint(8) unsigned NOT NULL,
  `cast_name` varchar(250) NOT NULL
) ENGINE=InnoDB DEFAULT CHARSET=utf8;

--
-- Dumping data for table `tbl_cast`
--

INSERT INTO `tbl_cast` (`cast_id`, `cast_name`) VALUES
(36, 'Amy Adams'),
(26, 'Andrew Garfield'),
(8, 'Aneurin Barnard'),
(42, 'Anna Kendrick'),
(14, 'Boyd Holbrook'),
(5, 'Bradley Cooper'),
(1, 'Chris Pratt'),
(19, 'Colm Hill'),
(13, 'Dafne Keen'),
(7, 'Damien Bonnard'),
(22, 'Dan Stevens'),
(30, 'Darcy Bryce'),
(3, 'Dave Bautista'),
(33, 'Ed Skrein'),
(21, 'Emma Watson'),
(6, 'Fionn Whitehead'),
(38, 'Forest Whitaker'),
(46, 'Harrison Ford'),
(11, 'Hugh Jackman'),
(28, 'Jacob Warner'),
(10, 'James Bloor'),
(37, 'Jeremy Renner'),
(45, 'Joseph Gordon-Levitt'),
(24, 'Josh Gad'),
(32, 'Karan Soni'),
(20, 'Kathryn Kirkpatrick'),
(25, 'Kevin Kline'),
(9, 'Lee Armstrong'),
(43, 'Leonardo DiCaprio'),
(23, 'Luke Evans'),
(40, 'Mark OBrien'),
(34, 'Michael Benyaer'),
(18, 'Michael Mitton'),
(39, 'Michael Stuhlbarg'),
(47, 'Miles Teller'),
(29, 'Milo Gibson'),
(12, 'Patrick Stewart'),
(27, 'Richard Pyros'),
(31, 'Ryan Reynolds'),
(52, 'Sandra Bullock'),
(44, 'Saoirse Ronan'),
(17, 'Sheena Kamal'),
(35, 'Stefan Kapicic'),
(15, 'Stephen Merchant'),
(53, 'Suraj Sharma'),
(16, 'Tilda Swinton'),
(41, 'Tom Costello'),
(4, 'Vin Diesel'),
(2, 'Zoe Saldana');

-- --------------------------------------------------------

--
-- Table structure for table `tbl_comments`
--

CREATE TABLE `tbl_comments` (
  `comments_id` int(10) unsigned NOT NULL,
  `comments_auth` varchar(125) DEFAULT NULL,
  `comments_copy` text NOT NULL,
  `comments_date` timestamp NOT NULL DEFAULT CURRENT_TIMESTAMP,
  `comments_movie` int(11) NOT NULL,
  `comments_rating` int(11) NOT NULL
) ENGINE=InnoDB AUTO_INCREMENT=10 DEFAULT CHARSET=utf8;

--
-- Dumping data for table `tbl_comments`
--

INSERT INTO `tbl_comments` (`comments_id`, `comments_auth`, `comments_copy`, `comments_date`, `comments_movie`, `comments_rating`) VALUES
(1, NULL, 'Loved it. Chris Pratt is my hero! I LOVE YOU STAR LORD!!', '2018-03-26 19:08:41', 1, 5),
(2, NULL, 'Not quite as good as the first Guardians, but still WAY better that any DC movie... ', '2018-03-26 19:09:57', 1, 4),
(3, NULL, 'It sucked.', '2018-04-01 14:54:32', 1, 1),
(4, NULL, 'It was amazing. I really liked this way better than any DC movie that''s ever been made, EVER.\n\nCuz DC movies are garbage.', '2018-04-01 14:55:29', 1, 3),
(5, NULL, 'I thought Logan was great.THIS is the way you do comic book dystopia.', '2018-04-01 14:56:55', 3, 4),
(6, NULL, 'Way too violent. I thought Hugh Jackman would at least do a song and dance, but was VERY disappointed.', '2018-04-01 14:57:35', 3, 1),
(7, NULL, 'OMG i can''t get enough Deadpool.. what a great movie', '2018-04-01 15:11:30', 7, 5),
(8, NULL, 'I really liked this. Prof X made me sad tho. What a way to go...', '2018-04-01 15:51:58', 3, 4),
(9, NULL, 'Amazing', '2018-04-19 23:12:10', 2, 4);

-- --------------------------------------------------------

--
-- Table structure for table `tbl_country`
--

CREATE TABLE `tbl_country` (
  `country_id` smallint(3) NOT NULL,
  `country_name` varchar(100) NOT NULL
) ENGINE=InnoDB DEFAULT CHARSET=utf8 ROW_FORMAT=COMPACT;

--
-- Dumping data for table `tbl_country`
--

INSERT INTO `tbl_country` (`country_id`, `country_name`) VALUES
(1, 'Albania'),
(2, 'Algeria'),
(3, 'Andorra'),
(4, 'Angola'),
(5, 'Anguilla'),
(6, 'Antarctica'),
(7, 'Antigua'),
(8, 'Antilles'),
(9, 'Argentina'),
(10, 'Armenia'),
(11, 'Aruba'),
(12, 'Australia'),
(13, 'Austria'),
(14, 'Azerbaijan'),
(15, 'Bahamas'),
(16, 'Bangladesh'),
(17, 'Barbados'),
(18, 'Belarus'),
(19, 'Belgium'),
(20, 'Belize'),
(21, 'Benin'),
(22, 'Bermuda'),
(23, 'Bhutan'),
(24, 'Bolivia'),
(25, 'Bosnia'),
(26, 'Botswana'),
(27, 'Brazil'),
(28, 'Brunei'),
(29, 'Bulgaria'),
(30, 'Burkina Faso'),
(31, 'Burundi'),
(32, 'Cambodia'),
(33, 'Cameroon'),
(34, 'Canada'),
(35, 'Cape Verde'),
(36, 'Cayman Islands'),
(37, 'Central Africa'),
(38, 'Chad'),
(39, 'Chile'),
(40, 'China'),
(41, 'Colombia'),
(42, 'Comoros'),
(43, 'Congo'),
(44, 'Cook Islands'),
(45, 'Costa Rica'),
(46, 'Cote D''Ivoire'),
(47, 'Croatia'),
(48, 'Cuba'),
(49, 'Cyprus'),
(50, 'Czech Republic'),
(51, 'Denmark'),
(52, 'Djibouti'),
(53, 'Dominica'),
(54, 'Dominican Rep.'),
(55, 'Ecuador'),
(56, 'Egypt'),
(57, 'El Salvador'),
(58, 'Eritrea'),
(59, 'Estonia'),
(60, 'Ethiopia'),
(61, 'Fiji'),
(62, 'Finland'),
(63, 'Falkland Islands'),
(64, 'France'),
(65, 'Gabon'),
(66, 'Gambia'),
(67, 'Georgia'),
(68, 'Germany'),
(69, 'Ghana'),
(70, 'Gibraltar'),
(71, 'Greece'),
(72, 'Greenland'),
(73, 'Grenada'),
(74, 'Guam'),
(75, 'Guatemala'),
(76, 'Guiana'),
(77, 'Guinea'),
(78, 'Guyana'),
(79, 'Haiti'),
(80, 'Hondoras'),
(81, 'Hong Kong'),
(82, 'Hungary'),
(83, 'Iceland'),
(84, 'India'),
(85, 'Indonesia'),
(86, 'Iran'),
(87, 'Iraq'),
(88, 'Ireland'),
(89, 'Israel'),
(90, 'Italy'),
(91, 'Jamaica'),
(92, 'Japan'),
(93, 'Jordan'),
(94, 'Kazakhstan'),
(95, 'Kenya'),
(96, 'Kiribati'),
(97, 'Korea'),
(98, 'Kyrgyzstan'),
(99, 'Lao'),
(100, 'Latvia'),
(101, 'Lesotho'),
(102, 'Liberia'),
(103, 'Liechtenstein'),
(104, 'Lithuania'),
(105, 'Luxembourg'),
(106, 'Macau'),
(107, 'Macedonia'),
(108, 'Madagascar'),
(109, 'Malawi'),
(110, 'Malaysia'),
(111, 'Maldives'),
(112, 'Mali'),
(113, 'Malta'),
(114, 'Marshal Islands'),
(115, 'Martinique'),
(116, 'Mauritania'),
(117, 'Mauritius'),
(118, 'Mayotte'),
(119, 'Mexico'),
(120, 'Micronesia'),
(121, 'Moldova'),
(122, 'Monaco'),
(123, 'Mongolia'),
(124, 'Montserrat'),
(125, 'Morocco'),
(126, 'Mozambique'),
(127, 'Myanmar'),
(128, 'Namibia'),
(129, 'Nauru'),
(130, 'Nepal'),
(131, 'Netherlands'),
(132, 'New Caledonia'),
(133, 'New Guinea'),
(134, 'New Zealand'),
(135, 'Nicaragua'),
(136, 'Nigeria'),
(137, 'Niue'),
(138, 'Norfolk Island'),
(139, 'Norway'),
(140, 'Palau'),
(141, 'Panama'),
(142, 'Paraguay'),
(143, 'Peru'),
(144, 'Puerto'),
(145, 'Philippines'),
(146, 'Poland'),
(147, 'Polynesia'),
(148, 'Portugal'),
(149, 'Romania'),
(150, 'Russia'),
(151, 'Rwanda'),
(152, 'Saint Lucia'),
(153, 'Samoa'),
(154, 'San Marino'),
(155, 'Senegal'),
(156, 'Seychelles'),
(157, 'Sierra Leone'),
(158, 'Singapore'),
(159, 'Slovakia'),
(160, 'Slovenia'),
(161, 'Somalia'),
(162, 'South Africa'),
(163, 'Spain'),
(164, 'Sri Lanka'),
(165, 'St. Helena'),
(166, 'Sudan'),
(167, 'Suriname'),
(168, 'Swaziland'),
(169, 'Sweden'),
(170, 'Switzerland'),
(171, 'Taiwan'),
(172, 'Tajikistan'),
(173, 'Tanzania'),
(174, 'Thailand'),
(175, 'Togo'),
(176, 'Tokelau'),
(177, 'Tonga'),
(178, 'Trinidad'),
(179, 'Tunisia'),
(180, 'Turkey'),
(181, 'Uganda'),
(182, 'Ukraine'),
(183, 'United Kingdom'),
(184, 'United States'),
(185, 'Uruguay'),
(186, 'Uzbekistan'),
(187, 'Vanuatu'),
(188, 'Venezuela'),
(189, 'Vietnam'),
(190, 'Virgin Islands'),
(191, 'Yugoslavia'),
(192, 'Zaire'),
(193, 'Zambia'),
(194, 'Zimbabwe');

-- --------------------------------------------------------

--
-- Table structure for table `tbl_director`
--

CREATE TABLE `tbl_director` (
  `director_id` smallint(5) unsigned NOT NULL,
  `director_name` varchar(250) NOT NULL
) ENGINE=InnoDB DEFAULT CHARSET=utf8;

--
-- Dumping data for table `tbl_director`
--

INSERT INTO `tbl_director` (`director_id`, `director_name`) VALUES
(1, 'James Gunn'),
(2, 'Christopher Nolan'),
(3, 'James Mangold'),
(4, 'Joon-ho Bong'),
(5, 'Bill Condon'),
(6, 'Mel Gibson'),
(7, 'Tim Miller'),
(8, 'Denis Villeneuve '),
(9, 'Dexter Fletcher'),
(10, 'Mike Mitchell'),
(11, 'Walt Dohrn'),
(12, 'Alejandro Gonzalez Inarritu'),
(13, 'John Crowley '),
(14, 'Robert Zemeckis'),
(15, 'Florian Gallenberger '),
(16, 'J.J. Abrams'),
(17, 'Damien Chazelle'),
(18, 'Joseph Gordon-Levitt '),
(19, 'Alfonso Cuaron'),
(20, 'Ang Lee'),
(21, 'David O. Russell');

-- --------------------------------------------------------

--
-- Table structure for table `tbl_genre`
--

CREATE TABLE `tbl_genre` (
  `genre_id` tinyint(3) unsigned NOT NULL,
  `genre_name` varchar(125) NOT NULL
) ENGINE=InnoDB DEFAULT CHARSET=utf8;

--
-- Dumping data for table `tbl_genre`
--

INSERT INTO `tbl_genre` (`genre_id`, `genre_name`) VALUES
(1, 'Action'),
(2, 'Adventure'),
(3, 'Comedy'),
(4, 'Crime'),
(5, 'Drama'),
(6, 'Historical'),
(7, 'Horror'),
(8, 'Musical'),
(9, 'Science Fiction'),
(10, 'War'),
(11, 'Western'),
(12, 'Animation'),
(13, 'Family'),
(14, 'Fantasy'),
(15, 'Romance'),
(16, 'Sport');

-- --------------------------------------------------------

--
-- Table structure for table `tbl_indeximg`
--

CREATE TABLE `tbl_indeximg` (
  `img_id` int(10) unsigned NOT NULL,
  `img_path` varchar(100) NOT NULL,
  `video_path` varchar(100) NOT NULL,
  `img_desc` varchar(1000) NOT NULL
) ENGINE=MyISAM AUTO_INCREMENT=6 DEFAULT CHARSET=latin1;

--
-- Dumping data for table `tbl_indeximg`
--

INSERT INTO `tbl_indeximg` (`img_id`, `img_path`, `video_path`, `img_desc`) VALUES
(1, 'index/elvis.png', 'elvis.jpg', 'Music :  Elvis Aaron Presley was an American singer, musician, and actor. Regarded as one of the most significant cultural icons of the 20th century, he is often referred to as the "King of Rock and Roll" or simply "the King".'),
(2, 'index/FlashDance.png', 'flashdance.mp4', 'Artist: Irene Cara Album: What a Feelin'' Released: 1983 Nominations: Grammy Award for Record of the Year Awards: Grammy Award for Best Female Pop Vocal Performance'),
(3, 'index/Friends.png\n', 'friends.mp4', 'Follows the personal and professional lives of six 20 to 30-something-year-old friends living in Manhattan. Creators: David Crane, Marta Kauffman Stars: Jennifer Aniston, Courteney Cox, Lisa Kudrow , David Schwimmer, Matt LeBlanc and Matthew Perry'),
(4, 'index/gbu.png', 'gbu.jpg', 'Western · A bounty hunting scam joins two men in an uneasy alliance against a third in a race to find a fortune in gold buried in a remote cemetery.'),
(5, 'index/tin.png', 'tin.jpg', 'The adventures of the young reporter, his faithful dog and friends as they travel around the world on adventures.');

-- --------------------------------------------------------

--
-- Table structure for table `tbl_kidimg`
--

CREATE TABLE `tbl_kidimg` (
  `img_id` int(10) unsigned NOT NULL,
  `img_path` varchar(100) NOT NULL,
  `video_path` varchar(100) NOT NULL,
  `img_desc` varchar(1000) NOT NULL,
  `genre` varchar(30) NOT NULL
) ENGINE=MyISAM AUTO_INCREMENT=11 DEFAULT CHARSET=latin1;

--
-- Dumping data for table `tbl_kidimg`
--

INSERT INTO `tbl_kidimg` (`img_id`, `img_path`, `video_path`, `img_desc`, `genre`) VALUES
(1, 'kids/Britney.png', 'britney.png', 'Baby One More Time is the debut studio album by American singer Britney Spears. It was released on January 12, 1999 through Jive Records.', 'fav'),
(2, 'kids/HomeAlone.png', 'HomeAlone.mp4', 'Comedy · An eight-year-old troublemaker must protect his house from a pair of burglars when he is accidentally left home alone by his family during Christmas vacation.', 'fav'),
(3, 'kids/Aladdin.png', 'Aladdin.mp4', 'Animation · When a street urchin vies for the love of a beautiful princess, he uses a genie''s magic power to make himself off as a prince in order to marry her.', 'fav'),
(4, 'kids/Rugrats.png', 'rugrats.jpg', '"Rugrats" reveals the world from a baby''s point of view. Everything looks bigger, more mysterious and uncontrollable. Angelica, the oldest, likes to terrorize her cousin, Tommy, and his friends, and is famous for screaming, "You stupid babies!" The adults in the series are often clueless.', 'fav'),
(5, 'kids/MyGirl.png', 'myGirl.mp4', 'Comedy · A young girl, on the threshold of her teen years, finds her life turning upside down, when she is accompanied by an unlikely friend.', 'fav');

-- --------------------------------------------------------

--
-- Table structure for table `tbl_kidimgadv`
--

CREATE TABLE `tbl_kidimgadv` (
  `img_id` int(10) unsigned NOT NULL,
  `img_path` varchar(100) NOT NULL,
  `video_path` varchar(100) NOT NULL,
  `img_desc` varchar(1000) NOT NULL
) ENGINE=MyISAM AUTO_INCREMENT=6 DEFAULT CHARSET=latin1;

--
-- Dumping data for table `tbl_kidimgadv`
--

INSERT INTO `tbl_kidimgadv` (`img_id`, `img_path`, `video_path`, `img_desc`) VALUES
(1, 'kids/toy.png', 'toy.mp4', 'Animation · A cowboy doll is profoundly threatened and jealous when a new spaceman figure supplants him as top toy in a boy''s room.'),
(2, 'kids/wild.png', 'wild.jpg', 'Eccentric family has adventures in natural surroundings.'),
(3, 'kids/scooby.png', 'scooby.mp4', 'Scooby-Doo is an American animated cartoon franchise, comprising many animated television series produced from 1969 to the present day.'),
(4, 'kids/stuart.png', 'stuart.mp4', 'Adventure · The Little family adopt a charming young mouse named Stuart, but the family cat wants rid of him'),
(5, 'kids/dora.png\n', 'dora.jpg', '');

-- --------------------------------------------------------

--
-- Table structure for table `tbl_language`
--

CREATE TABLE `tbl_language` (
  `lang_id` smallint(5) unsigned NOT NULL,
  `lang_name` varchar(250) NOT NULL
) ENGINE=InnoDB DEFAULT CHARSET=utf8;

--
-- Dumping data for table `tbl_language`
--

INSERT INTO `tbl_language` (`lang_id`, `lang_name`) VALUES
(1, 'Abkhaz'),
(2, 'Afar'),
(3, 'Afrikaans'),
(4, 'Akan'),
(5, 'Albanian'),
(6, 'Amharic'),
(7, 'Arabic'),
(8, 'Aragonese'),
(9, 'Armenian'),
(10, 'Assamese'),
(11, 'Avaric'),
(12, 'Avestan'),
(13, 'Aymara'),
(14, 'Azerbaijani'),
(15, 'Bambara'),
(16, 'Bashkir'),
(17, 'Basque'),
(18, 'Belarusian'),
(19, 'Bengali'),
(20, 'Bihari'),
(21, 'Bislama'),
(22, 'Bosnian'),
(23, 'Breton'),
(24, 'Bulgarian'),
(25, 'Burmese'),
(26, 'Catalan'),
(27, 'Valencian'),
(28, 'Chamorro'),
(29, 'Chechen'),
(30, 'Chichewa'),
(31, 'Chewa'),
(32, 'Nyanja'),
(33, 'Chinese'),
(34, 'Chuvash'),
(35, 'Cornish'),
(36, 'Corsican'),
(37, 'Cree'),
(38, 'Croatian'),
(39, 'Czech'),
(40, 'Danish'),
(41, 'Divehi'),
(42, 'Dhivehi'),
(43, 'Maldivian'),
(44, 'Dutch'),
(45, 'English'),
(46, 'Esperanto'),
(47, 'Estonian'),
(48, 'Ewe'),
(49, 'Faroese'),
(50, 'Fijian'),
(51, 'Finnish'),
(52, 'French'),
(53, 'Fula'),
(54, 'Fulah'),
(55, 'Pulaar'),
(56, 'Pular'),
(57, 'Galician'),
(58, 'Georgian'),
(59, 'German'),
(60, 'Greek'),
(61, 'Guaraní'),
(62, 'Gujarati'),
(63, 'Haitian'),
(64, 'Haitian Creole'),
(65, 'Hausa'),
(66, 'Hebrew'),
(67, 'Herero'),
(68, 'Hindi'),
(69, 'Hiri Motu'),
(70, 'Hungarian'),
(71, 'Interlingua'),
(72, 'Indonesian'),
(73, 'Interlingue'),
(74, 'Irish'),
(75, 'Igbo'),
(76, 'Inupiaq'),
(77, 'Ido'),
(78, 'Icelandic'),
(79, 'Italian'),
(80, 'Inuktitut'),
(81, 'Japanese'),
(82, 'Javanese'),
(83, 'Kalaallisut'),
(84, 'Greenlandic'),
(85, 'Kannada'),
(86, 'Kanuri'),
(87, 'Kashmiri'),
(88, 'Kazakh'),
(89, 'Khmer'),
(90, 'Kikuyu'),
(91, 'Gikuyu'),
(92, 'Kinyarwanda'),
(93, 'Kirghiz'),
(94, 'Kyrgyz'),
(95, 'Komi'),
(96, 'Kongo'),
(97, 'Korean'),
(98, 'Kurdish'),
(99, 'Kwanyama'),
(100, 'Kuanyama'),
(101, 'Latin'),
(102, 'Luxembourgish'),
(103, 'Letzeburgesch'),
(104, 'Luganda'),
(105, 'Limburgish'),
(106, 'Limburgan'),
(107, 'Limburger'),
(108, 'Lingala'),
(109, 'Lao'),
(110, 'Lithuanian'),
(111, 'Luba-Katanga'),
(112, 'Latvian'),
(113, 'Manx'),
(114, 'Macedonian'),
(115, 'Malagasy'),
(116, 'Malay'),
(117, 'Malayalam'),
(118, 'Maltese'),
(119, 'Maori'),
(120, 'Marathi'),
(121, 'Marshallese'),
(122, 'Mongolian'),
(123, 'Nauru'),
(124, 'Navajo'),
(125, 'Navaho'),
(126, 'Norwegian Bokmal'),
(127, 'North Ndebele'),
(128, 'Nepali'),
(129, 'Ndonga'),
(130, 'Norwegian Nynorsk'),
(131, 'Norwegian'),
(132, 'Nuosu'),
(133, 'South Ndebele'),
(134, 'Occitan'),
(135, 'Ojibwe'),
(136, 'Ojibwa'),
(137, 'Old Church Slavonic'),
(138, 'Church Slavic'),
(139, 'Church Slavonic'),
(140, 'Old Bulgarian'),
(141, 'Old Slavonic'),
(142, 'Oromo'),
(143, 'Oriya'),
(144, 'Ossetian'),
(145, 'Ossetic'),
(146, 'Panjabi'),
(147, 'Punjabi'),
(148, 'Pali'),
(149, 'Persian'),
(150, 'Polish'),
(151, 'Pashto'),
(152, 'Pushto'),
(153, 'Portuguese'),
(154, 'Quechua'),
(155, 'Romansh'),
(156, 'Kirundi'),
(157, 'Romanian'),
(158, 'Moldavian'),
(159, 'Moldovan'),
(160, 'Russian'),
(161, 'Sanskrit'),
(162, 'Sardinian'),
(163, 'Sindhi'),
(164, 'Northern Sami'),
(165, 'Samoan'),
(166, 'Sango'),
(167, 'Serbian'),
(168, 'Scottish Gaelic'),
(169, 'Gaelic'),
(170, 'Shona'),
(171, 'Sinhala'),
(172, 'Sinhalese'),
(173, 'Slovak'),
(174, 'Slovene'),
(175, 'Somali'),
(176, 'Southern Sotho'),
(177, 'Spanish'),
(178, 'Castilian'),
(179, 'Sundanese'),
(180, 'Swahili'),
(181, 'Swati'),
(182, 'Swedish'),
(183, 'Tamil'),
(184, 'Telugu'),
(185, 'Tajik'),
(186, 'Thai'),
(187, 'Tigrinya'),
(188, 'Tibetan Standard'),
(189, 'Tibetan'),
(190, 'Turkmen'),
(191, 'Tagalog'),
(192, 'Tswana'),
(193, 'Tonga'),
(194, 'Turkish'),
(195, 'Tsonga'),
(196, 'Tatar'),
(197, 'Twi'),
(198, 'Tahitian'),
(199, 'Uighur'),
(200, 'Uyghur'),
(201, 'Ukrainian'),
(202, 'Urdu'),
(203, 'Uzbek'),
(204, 'Venda'),
(205, 'Vietnamese'),
(206, 'Volapuk'),
(207, 'Walloon'),
(208, 'Welsh'),
(209, 'Wolof'),
(210, 'Western Frisian'),
(211, 'Xhosa'),
(212, 'Yiddish'),
(213, 'Yoruba'),
(214, 'Zhuang'),
(215, 'Chuang');

-- --------------------------------------------------------

--
-- Table structure for table `tbl_movies`
--

CREATE TABLE `tbl_movies` (
  `movies_id` mediumint(8) unsigned NOT NULL,
  `movies_cover` varchar(75) NOT NULL DEFAULT 'cover_default.jpg',
  `movies_title` varchar(125) NOT NULL,
  `movies_year` varchar(5) NOT NULL,
  `movies_runtime` varchar(25) NOT NULL,
  `movies_storyline` text NOT NULL,
  `movies_trailer` varchar(75) NOT NULL DEFAULT 'trailer_default.jpg',
  `movies_release` varchar(125) NOT NULL
) ENGINE=InnoDB DEFAULT CHARSET=utf8;

--
-- Dumping data for table `tbl_movies`
--

INSERT INTO `tbl_movies` (`movies_id`, `movies_cover`, `movies_title`, `movies_year`, `movies_runtime`, `movies_storyline`, `movies_trailer`, `movies_release`) VALUES
(1, 'guardians2.jpg', 'Guardians of the Galaxy Vol. 2', '2017', '2h 16m', 'The Guardians must fight to keep their newfound family together as they unravel the mystery of Peter Quill&rsquo;s true parentage.', 'Guardians2.mp4', 'May 5, 2017'),
(2, 'dunkirk.jpg', 'Dunkirk', '2017', '1h 46m', 'Allied soldiers from Belgium, the British Empire and France are surrounded by the German army and evacuated during a fierce battle in World War II.', 'Dunkirk.mp4', 'July 21, 2017'),
(3, 'logan.jpg', 'Logan', '2017', '2h 17m', 'In the near future, a weary Logan cares for an ailing Professor X, somewhere on the Mexican border. However, Logan&rsquo;s attempts to hide from the world, and his legacy, are upended when a young mutant arrives, pursued by dark forces.', 'Logan.mp4', 'March 3,2017'),
(4, 'okja.jpg', 'Okja', '2017', '2h', ' Meet Mija, a young girl who risks everything to prevent a powerful, multi-national company from kidnapping her best friend - a fascinating animal named Okja. ', 'Okja.mp4', 'June 28,2017'),
(5, 'beauty.jpg', 'Beauty and the Beast', '2017', '2h 9min', 'An adaptation of the fairy tale about a monstrous-looking prince and a young woman who fall in love. ', 'Beauty.mp4', 'March 17, 2017'),
(6, 'hacksaw.jpg', 'Hacksaw Ridge', '2016', '2h 19m', 'WWII American Army Medic Desmond T. Doss, who served during the Battle of Okinawa, refuses to kill people, and becomes the first man in American history to receive the Medal of Honor without firing a shot.', 'Hacksaw.mp4', 'November 4, 2016'),
(7, 'deadpool.jpg', 'Deadpool', '2016', '1h 48m', 'A fast-talking mercenary with a morbid sense of humor is subjected to a rogue experiment that leaves him with accelerated healing powers and a quest for revenge.', 'Deadpool.mp4', 'Febuary 12, 2016'),
(8, 'arrival.jpg', 'Arrival', '2016', '1h 56m', 'When twelve mysterious spacecraft appear around the world, linguistics professor Louise Banks is tasked with interpreting the language of the apparent alien visitors.', 'Arrival.mp4', 'November 11, 2016'),
(9, 'eddie.jpg', 'Eddie the Eagle', '2016', '1h 46m', 'The story of Eddie Edwards, the notoriously tenacious British underdog ski jumper who charmed the world at the 1988 Winter Olympics.', 'Eddie.mp4', 'Febuary 26, 2016'),
(10, 'trolls.jpg', 'Trolls', '2016', '1h 32m', 'After the Bergens invade Troll Village, Poppy, the happiest Troll ever born, and the curmudgeonly Branch set off on a journey to rescue her friends.', 'Trolls.mp4', 'November 4, 2016'),
(11, 'revenant.jpg', 'The Revenant', '2015', '2h 36m', 'A frontiersman on a fur trading expedition in the 1820s fights for survival after being mauled by a bear and left for dead by members of his own hunting team.', 'Revenant.mp4', 'January 8, 2015'),
(12, 'brooklyn.jpg', 'Brooklyn', '2015', '1h 57m', 'An Irish immigrant lands in 1950s Brooklyn, where she quickly falls into a romance with a local. When her past catches up with her, however, she must choose between two countries and the lives that exist within.', 'Brooklyn.mp4', 'November 25, 2015'),
(13, 'walk.jpg', 'The Walk', '2015', '2h 3m', 'In 1974, high-wire artist Philippe Petit recruits a team of people to help him realize his dream: to walk the immense void between the World Trade Center towers.', 'Walk.mp4', 'October 9, 2015'),
(14, 'colonia.jpg', 'Colonia', '2015', '1h 46m', 'A young woman&rsquo;s desperate search for her abducted boyfriend that draws her into the infamous Colonia Dignidad, a sect nobody has ever escaped from.', 'Colonia.mp4', 'April 15, 2015'),
(15, 'force.jpg', 'Star Wars: The Force Awakens', '2015', '2h 16m', 'Three decades after the Empire&rsquo;s defeat, a new threat arises in the militant First Order. Stormtrooper defector Finn and spare parts scavenger Rey are caught up in the Resistance&rsquo;s search for the missing Luke Skywalker.', 'Force.mp4', 'December 18, 2015'),
(16, 'whiplash.jpg', 'Whiplash', '2014', '1h 47m', 'A promising young drummer enrolls at a cut-throat music conservatory where his dreams of greatness are mentored by an instructor who will stop at nothing to realize a student''s potential.', 'Whiplash.mp4', 'October 15, 2014'),
(17, 'guardians.jpg', 'Guardians of the Galaxy', '2014', '2h 1m', 'A group of intergalactic criminals are forced to work together to stop a fanatical warrior from taking control of the universe.', 'Guardians.mp4', 'August 1, 2014'),
(18, 'donjon.jpg', 'Don Jon', '2013', '1h 30m', 'A New Jersey guy dedicated to his family, friends, and church, develops unrealistic expectations from watching porn and works to find happiness and intimacy with his potential true love.', 'donjon.mp4', 'September 27, 2013'),
(19, 'gravity.jpg', 'Gravity', '2013', '1h 31m', 'Two astronauts work together to survive after an accident which leaves them alone in space.', 'Gravity.mp4', 'October 4, 2013'),
(20, 'pi.jpg', 'Life of Pi', '2012', '2h 7m', 'A young man who survives a disaster at sea is hurtled into an epic journey of adventure and discovery. While cast away, he forms an unexpected connection with another survivor: a fearsome Bengal tiger.', 'Pi.jpg', 'November 21, 2012'),
(21, 'silver.jpg', 'Silver Linings Playbook', '2012', '2h 2m', 'After a stint in a mental institution, former teacher Pat Solitano moves back in with his parents and tries to reconcile with his ex-wife. Things get more challenging when Pat meets Tiffany, a mysterious girl with problems of her own.', 'Silver.jpg', 'December 25, 2012');

-- --------------------------------------------------------

--
-- Table structure for table `tbl_mov_cast`
--

CREATE TABLE `tbl_mov_cast` (
  `mov_cast_id` mediumint(8) unsigned NOT NULL,
  `movies_id` mediumint(9) NOT NULL,
  `cast_id` mediumint(9) NOT NULL
) ENGINE=InnoDB DEFAULT CHARSET=utf8;

--
-- Dumping data for table `tbl_mov_cast`
--

INSERT INTO `tbl_mov_cast` (`mov_cast_id`, `movies_id`, `cast_id`) VALUES
(1, 1, 1),
(2, 1, 2),
(3, 1, 3),
(4, 1, 4),
(5, 1, 5),
(6, 2, 6),
(7, 2, 7),
(8, 2, 8),
(9, 2, 9),
(10, 2, 10),
(11, 3, 11),
(12, 3, 12),
(13, 3, 13),
(14, 3, 14),
(15, 3, 15),
(16, 4, 16),
(17, 4, 17),
(18, 4, 18),
(19, 4, 19),
(20, 4, 20),
(21, 5, 21),
(22, 5, 22),
(23, 5, 23),
(24, 5, 24),
(25, 5, 25),
(26, 6, 26),
(27, 6, 27),
(28, 6, 28),
(29, 6, 29),
(30, 6, 30),
(31, 7, 31),
(32, 7, 32),
(33, 7, 33),
(34, 7, 34),
(35, 7, 35),
(36, 8, 36),
(37, 8, 37),
(38, 8, 38),
(39, 8, 39),
(40, 8, 40),
(41, 9, 41),
(42, 10, 42),
(43, 11, 43),
(44, 12, 44),
(45, 13, 45),
(46, 14, 21),
(47, 15, 46),
(48, 16, 47),
(49, 17, 1),
(50, 18, 45),
(51, 19, 52),
(52, 20, 53),
(53, 21, 5);

-- --------------------------------------------------------

--
-- Table structure for table `tbl_mov_country`
--

CREATE TABLE `tbl_mov_country` (
  `mov_country_id` mediumint(8) unsigned NOT NULL,
  `movies_id` mediumint(9) NOT NULL,
  `country_id` smallint(6) NOT NULL
) ENGINE=InnoDB DEFAULT CHARSET=utf8;

--
-- Dumping data for table `tbl_mov_country`
--

INSERT INTO `tbl_mov_country` (`mov_country_id`, `movies_id`, `country_id`) VALUES
(1, 1, 34),
(2, 1, 134),
(3, 1, 184),
(4, 2, 184),
(5, 2, 183),
(6, 2, 131),
(7, 2, 64),
(8, 3, 12),
(9, 3, 34),
(10, 3, 184),
(11, 4, 184),
(12, 4, 97),
(13, 5, 183),
(14, 5, 184),
(15, 6, 184),
(16, 6, 12),
(17, 7, 184),
(18, 8, 184),
(19, 9, 183),
(20, 9, 184),
(21, 9, 68),
(22, 10, 184),
(23, 11, 184),
(24, 11, 81),
(25, 11, 171);

-- --------------------------------------------------------

--
-- Table structure for table `tbl_mov_director`
--

CREATE TABLE `tbl_mov_director` (
  `mov_director_id` mediumint(8) unsigned NOT NULL,
  `movies_id` mediumint(9) NOT NULL,
  `director_id` smallint(6) NOT NULL
) ENGINE=InnoDB DEFAULT CHARSET=utf8;

--
-- Dumping data for table `tbl_mov_director`
--

INSERT INTO `tbl_mov_director` (`mov_director_id`, `movies_id`, `director_id`) VALUES
(1, 1, 1),
(2, 2, 2),
(3, 3, 3),
(4, 4, 4),
(5, 5, 5),
(6, 6, 6),
(7, 7, 7),
(8, 8, 8),
(9, 9, 9),
(10, 10, 10),
(11, 10, 11),
(12, 11, 12),
(13, 12, 13),
(14, 13, 14),
(15, 14, 15),
(16, 15, 16),
(17, 16, 17),
(18, 17, 1),
(19, 18, 19),
(20, 19, 20),
(21, 20, 21);

-- --------------------------------------------------------

--
-- Table structure for table `tbl_mov_genre`
--

CREATE TABLE `tbl_mov_genre` (
  `mov_genre_id` mediumint(8) unsigned NOT NULL,
  `movies_id` mediumint(9) NOT NULL,
  `genre_id` mediumint(9) NOT NULL
) ENGINE=InnoDB DEFAULT CHARSET=utf8;

--
-- Dumping data for table `tbl_mov_genre`
--

INSERT INTO `tbl_mov_genre` (`mov_genre_id`, `movies_id`, `genre_id`) VALUES
(1, 1, 1),
(2, 1, 2),
(3, 1, 9),
(4, 2, 1),
(5, 2, 5),
(6, 2, 6),
(7, 2, 10),
(8, 3, 1),
(9, 3, 5),
(10, 3, 9),
(11, 4, 1),
(12, 4, 2),
(13, 4, 5),
(14, 4, 9),
(15, 5, 8),
(16, 5, 13),
(17, 5, 14),
(18, 6, 5),
(19, 6, 6),
(20, 6, 10),
(21, 7, 1),
(22, 7, 2),
(23, 7, 3),
(24, 7, 15),
(25, 8, 5),
(26, 8, 9),
(27, 9, 3),
(28, 9, 5),
(29, 9, 16),
(30, 10, 14),
(31, 10, 2),
(32, 10, 3),
(33, 10, 8),
(34, 10, 13),
(35, 11, 2),
(36, 11, 5);

-- --------------------------------------------------------

--
-- Table structure for table `tbl_mov_lang`
--

CREATE TABLE `tbl_mov_lang` (
  `mov_lang_id` smallint(5) unsigned NOT NULL,
  `movies_id` mediumint(9) NOT NULL,
  `language_id` smallint(6) NOT NULL
) ENGINE=InnoDB DEFAULT CHARSET=utf8;

--
-- Dumping data for table `tbl_mov_lang`
--

INSERT INTO `tbl_mov_lang` (`mov_lang_id`, `movies_id`, `language_id`) VALUES
(1, 1, 45),
(2, 2, 45),
(3, 2, 52),
(4, 2, 59),
(5, 3, 45),
(6, 3, 177),
(7, 4, 45),
(8, 4, 177),
(9, 4, 97),
(10, 5, 45),
(11, 6, 45),
(12, 6, 81),
(13, 7, 45),
(14, 8, 45),
(15, 8, 33),
(16, 8, 160),
(17, 9, 45),
(18, 9, 126),
(19, 9, 59),
(20, 10, 45),
(21, 11, 45),
(22, 11, 52);

-- --------------------------------------------------------

--
-- Table structure for table `tbl_mov_studio`
--

CREATE TABLE `tbl_mov_studio` (
  `mov_studio_id` mediumint(8) unsigned NOT NULL,
  `movies_id` mediumint(9) NOT NULL,
  `studio_id` smallint(6) NOT NULL
) ENGINE=InnoDB DEFAULT CHARSET=utf8;

--
-- Dumping data for table `tbl_mov_studio`
--

INSERT INTO `tbl_mov_studio` (`mov_studio_id`, `movies_id`, `studio_id`) VALUES
(1, 1, 1),
(2, 2, 2),
(3, 3, 3),
(4, 4, 4),
(5, 5, 5),
(6, 6, 6),
(7, 7, 7),
(8, 8, 8),
(9, 9, 9),
(10, 10, 10),
(11, 11, 11),
(12, 12, 12),
(13, 13, 13),
(14, 14, 14),
(15, 15, 15),
(16, 16, 16),
(17, 17, 1),
(18, 18, 17),
(19, 19, 18),
(20, 20, 19),
(21, 21, 20);

-- --------------------------------------------------------

--
-- Table structure for table `tbl_studio`
--

CREATE TABLE `tbl_studio` (
  `studio_id` smallint(5) unsigned NOT NULL,
  `studio_name` varchar(125) NOT NULL
) ENGINE=InnoDB DEFAULT CHARSET=utf8;

--
-- Dumping data for table `tbl_studio`
--

INSERT INTO `tbl_studio` (`studio_id`, `studio_name`) VALUES
(1, 'Marvel Studios'),
(2, 'Syncopy'),
(3, 'Donners Company'),
(4, 'Kate Street Picture Company'),
(5, 'Mandeville Films'),
(6, 'Cross Creek Pictures'),
(7, 'Twentieth Century Fox Film Corporation'),
(8, 'Lava Bear Films'),
(9, 'Hurwitz Creative'),
(10, 'DreamWorks Animation'),
(11, 'Regency Enterprises'),
(12, 'Wildgaze Films'),
(13, 'Sony Pictures Entertainment (SPE)'),
(14, 'Majestic Filmproduktion'),
(15, 'Lucasfilm'),
(16, 'Bold Films'),
(17, 'Voltage Pictures'),
(18, 'Warner Bros.'),
(19, 'Fox 2000 Pictures'),
(20, 'Weinstein Company');

-- --------------------------------------------------------

--
-- Table structure for table `tbl_urating`
--

CREATE TABLE `tbl_urating` (
  `rating_id` tinyint(3) unsigned NOT NULL,
  `rating_number` tinyint(4) NOT NULL
) ENGINE=InnoDB DEFAULT CHARSET=utf8;

-- --------------------------------------------------------

--
-- Table structure for table `tbl_user`
--

CREATE TABLE `tbl_user` (
  `user_id` int(11) NOT NULL,
  `user_name` int(11) NOT NULL,
  `user_permission` int(11) NOT NULL
) ENGINE=MyISAM DEFAULT CHARSET=latin1;

--
-- Indexes for dumped tables
--

--
-- Indexes for table `movies`
--
ALTER TABLE `movies`
  ADD PRIMARY KEY (`img_id`);

--
-- Indexes for table `tbl_adultimg`
--
ALTER TABLE `tbl_adultimg`
  ADD PRIMARY KEY (`img_id`);

--
-- Indexes for table `tbl_comments`
--
ALTER TABLE `tbl_comments`
  ADD PRIMARY KEY (`comments_id`);

--
-- Indexes for table `tbl_indeximg`
--
ALTER TABLE `tbl_indeximg`
  ADD PRIMARY KEY (`img_id`);

--
-- Indexes for table `tbl_kidimg`
--
ALTER TABLE `tbl_kidimg`
  ADD PRIMARY KEY (`img_id`);

--
-- Indexes for table `tbl_kidimgadv`
--
ALTER TABLE `tbl_kidimgadv`
  ADD PRIMARY KEY (`img_id`);

--
-- AUTO_INCREMENT for dumped tables
--

--
-- AUTO_INCREMENT for table `movies`
--
ALTER TABLE `movies`
  MODIFY `img_id` int(10) unsigned NOT NULL AUTO_INCREMENT,AUTO_INCREMENT=20;
--
-- AUTO_INCREMENT for table `tbl_adultimg`
--
ALTER TABLE `tbl_adultimg`
  MODIFY `img_id` int(10) unsigned NOT NULL AUTO_INCREMENT,AUTO_INCREMENT=6;
--
-- AUTO_INCREMENT for table `tbl_comments`
--
ALTER TABLE `tbl_comments`
  MODIFY `comments_id` int(10) unsigned NOT NULL AUTO_INCREMENT,AUTO_INCREMENT=10;
--
-- AUTO_INCREMENT for table `tbl_indeximg`
--
ALTER TABLE `tbl_indeximg`
  MODIFY `img_id` int(10) unsigned NOT NULL AUTO_INCREMENT,AUTO_INCREMENT=6;
--
-- AUTO_INCREMENT for table `tbl_kidimg`
--
ALTER TABLE `tbl_kidimg`
  MODIFY `img_id` int(10) unsigned NOT NULL AUTO_INCREMENT,AUTO_INCREMENT=11;
--
-- AUTO_INCREMENT for table `tbl_kidimgadv`
--
ALTER TABLE `tbl_kidimgadv`
  MODIFY `img_id` int(10) unsigned NOT NULL AUTO_INCREMENT,AUTO_INCREMENT=6;
/*!40101 SET CHARACTER_SET_CLIENT=@OLD_CHARACTER_SET_CLIENT */;
/*!40101 SET CHARACTER_SET_RESULTS=@OLD_CHARACTER_SET_RESULTS */;
/*!40101 SET COLLATION_CONNECTION=@OLD_COLLATION_CONNECTION */;
